{
    "datapath": "/afs/cern.ch/work/j/joknolle/store/beamimaging",
    "prefix": "DataAnalysis_Fill4954",
    "suffix": "standard",
    "vtxres": 0.00356,
    "scaling": 0.00458,
    "offsetx": -0.0653,
    "offsety": -0.0954,
    "bunchCrossings": [41, 281, 872, 1783, 2063],
    "minTrk": 14,
    "nbins": 95,
    "sourcepath": "/eos/cms/store/group/comm_luminosity/PCC/VdM/May2016Scans",
    "sourcedirectories":
    [
        "ZeroBias1/PCC_Run2016B-17Jan2017-v1_ZeroBias1/170130_084827/0000",
        "ZeroBias2/PCC_Run2016B-17Jan2017-v1_ZeroBias2/170130_084841/0000",
        "ZeroBias3/PCC_Run2016B-17Jan2017-v1_ZeroBias3/170130_084855/0000",
        "ZeroBias4/PCC_Run2016B-17Jan2017-v1_ZeroBias4/170130_084911/0000",
        "ZeroBias5/PCC_Run2016B-17Jan2017-v4_ZeroBias5/170213_002332/0000",
        "ZeroBias6/PCC_Run2016B-17Jan2017-v1_ZeroBias6/170130_084929/0000",
        "ZeroBias7/PCC_Run2016B-17Jan2017-v3_ZeroBias7/170213_002401/0000",
        "ZeroBias8/PCC_Run2016B-17Jan2017-v1_ZeroBias8/170130_084943/0000"
    ],
    "scan1XMoveBegin":
    [
        1464341247, 1464341300, 1464341352, 1464341405, 1464341457,
        1464341510, 1464341562, 1464341614, 1464341667, 1464341721,
        1464341772, 1464341824, 1464341877, 1464341929, 1464341982,
        1464342034, 1464342086, 1464342139, 1464342191
    ],
    "scan1XMoveEnd":
    [
        1440472600, 1440472642, 1440472686, 1440472728, 1440472772,
        1440472814, 1440472858, 1440472900, 1440472944, 1440472986,
        1440473028, 1440473072, 1440473115, 1440473158, 1440473200,
        1440473244, 1440473286, 1440473328, 1440473372
    ],
    "scan1YMoveBegin":
    [
        1464342677, 1464342729, 1464342781, 1464342834, 1464342886,
        1464342939, 1464342993, 1464343044, 1464343096, 1464343150,
        1464343201,1464343254, 1464343306, 1464343358, 1464343411,
        1464343463, 1464343516, 1464343568, 1464343621
    ],
    "scan1YMoveEnd":
    [
        1440473682, 1440473727, 1440473770, 1440473815, 1440473857,
        1440473901, 1440473945, 1440473988, 1440474032, 1440474076,
        1440474119, 1440474163, 1440474207, 1440474250, 1440474294,
        1440474339, 1440474382, 1440474427, 1440474470
    ],
    "scan2XMoveBegin":
    [
        1464344429, 1464344482, 1464344534, 1464344587, 1464344639,
        1464344692, 1464344744, 1464344795, 1464344847, 1464344887,
        1464344952, 1464345005, 1464345057, 1464345110, 1464345162,
        1464345215, 1464345267, 1464345318, 1464345370
    ],
    "scan2XMoveEnd":
    [
        1440474803, 1440474846, 1440474890, 1440474934, 1440474977,
        1440475021, 1440475063, 1440475107, 1440475151, 1440475195,
        1440475237, 1440475281, 1440475324, 1440475368, 1440475412,
        1440475455, 1440475498, 1440475541, 1440475585
    ],
    "scan2YMoveBegin":
    [
        1464345652, 1464345706, 1464345758, 1464345812, 1464345864,
        1464345917, 1464345969, 1464346023, 1464346076, 1464346128,
        1464346180, 1464346233, 1464346287, 1464346341, 1464346393,
        1464346444, 1464346497, 1464346551, 1464346604
    ],
    "scan2YMoveEnd":
    [
        1440475894, 1440475936, 1440475980, 1440476022, 1440476066,
        1440476110, 1440476152, 1440476195, 1440476238, 1440476281,
        1440476325, 1440476369, 1440476411, 1440476455, 1440476499,
        1440476541, 1440476585, 1440476627, 1440476670
    ]
}
